Screaming Circuits SMD component position file.

Centroid Data for pc board: "HIJACK_LQPF_D.brd" as of: 12/7/2010 12:19:28 PM
Measurements are in inches. Comma delimited
Only surface mount components included

RefDes,Layer,LocationX,LocationY,Rotation
C1,Bottom,0.377,0.845,90
C2,Bottom,0.507,0.675,0
C3,Top,0.347,0.414,270
C4,Top,0.222,0.176,270
C5,Bottom,0.189,0.143,270
C6,Top,0.197,0.315,180
C7,Bottom,0.087,0.245,270
C8,Top,0.249,0.509,270
C9,Bottom,0.602,0.710,90
C10,Top,0.357,0.275,180
D1,Top,0.057,0.215,270
D2,Bottom,0.217,0.230,90
J1,Top,0.000,0.500,0
JP1,Top,0.950,0.050,0
JP2,Top,0.050,0.950,0
JP3,Top,0.950,0.950,0
JP4,Bottom,0.050,0.950,0
JP5,Bottom,0.950,0.050,0
JP6,Bottom,0.950,0.950,0
Q1,Bottom,0.097,0.845,180
Q2,Bottom,0.087,0.695,180
Q3,Bottom,0.247,0.695,180
Q4,Bottom,0.247,0.845,180
R1,Bottom,0.437,0.845,90
R2,Bottom,0.537,0.845,270
R3,Bottom,0.674,0.705,270
R4,Bottom,0.777,0.550,90
R5,Top,0.780,0.168,90
R6,Top,0.335,0.153,0
R8,Bottom,0.197,0.325,270
R9,Bottom,0.777,0.705,270
R10,Bottom,0.557,0.565,90
R11,Bottom,0.654,0.526,0
R12,Bottom,0.587,0.415,0
R13,Bottom,0.587,0.475,180
T1,Top,0.167,0.745,90
U1,Top,0.638,0.508,90
U3,Bottom,0.387,0.155,90
Y1,Top,0.637,0.170,0
